Metric,Value
count,4777.0
mean,32.4478645909588
std,7.670481841746864
min,0.0
25%,28.891391652013244
50%,32.5664513182103
75%,36.13495554371891
max,80.74961456450032
